<PAMDataset>
  <PAMRasterBand band="1">
    <Metadata>
      <MDI key="STATISTICS_APPROXIMATE">YES</MDI>
      <MDI key="STATISTICS_COVARIANCES">181118.1034789349</MDI>
      <MDI key="STATISTICS_MAXIMUM">3870</MDI>
      <MDI key="STATISTICS_MEAN">2646.8053875756</MDI>
      <MDI key="STATISTICS_MINIMUM">2208</MDI>
      <MDI key="STATISTICS_SKIPFACTORX">1</MDI>
      <MDI key="STATISTICS_SKIPFACTORY">1</MDI>
      <MDI key="STATISTICS_STDDEV">425.54345412235</MDI>
      <MDI key="STATISTICS_VALID_PERCENT">54.85</MDI>
    </Metadata>
  </PAMRasterBand>
</PAMDataset>
